Timetable - 2,,,,,,,,,,,,,,,,,,,,,,,,,,,,,,,,,,,
as at 20/12/2018,,,,,,,,,,,,,,,,,,,,,,,,,,,,,,,,,,,
,,,,,,,,,,,,,,,,,,,,,,,,,,,,,,,,,,,
,Mon:1 ,Mon:2 ,Mon:3 ,Mon:4 ,Mon:5 ,Mon:6 ,Mon:7 ,Tue:1 ,Tue:2 ,Tue:3 ,Tue:4 ,Tue:5 ,Tue:6 ,Tue:7 ,Wed:1 ,Wed:2 ,Wed:3 ,Wed:4 ,Wed:5 ,Wed:6 ,Wed:7 ,Thu:1 ,Thu:2 ,Thu:3 ,Thu:4 ,Thu:5 ,Thu:6 ,Thu:7 ,Fri:1 ,Fri:2 ,Fri:3 ,Fri:4 ,Fri:5 ,Fri:6 ,Fri:7 
07a ,077A/Ci3 ,077A/Gg3 ,077A/A1 ,077A/E1 ,077A/Ma2 ,077A/Mu1 ,,077A/E2 ,077A/E3a ,077A/Ad1 ,077A/Ad1 ,077A/E1 ,077A/Dr2 ,,077A/Hi1 ,077A/A2 ,077A/Cp1 ,077A/Cp1 ,077A/Ci2 ,077A/Dr1 ,,077A/Gg1 ,077A/E3a ,077A/Gg2 ,077A/E1 ,077A/Dr3 ,077A/E2 ,,077A/Ma3 ,077A/Gg2 ,077A/Ga1 ,077A/Ga1 ,077A/A3 ,077A/E3b ,
,LTT ,LXS ,RMP ,JH ,YC ,EA ,,AO ,LXO ,LDM ,LDM ,JH ,JK ,,STL ,RMP ,GS ,GS ,KXM ,JK ,,FON ,LXO ,FON ,JH ,JK ,AO ,,MBM ,FON ,CW ,CW ,RMP ,HL ,
JRS,040 ,315 ,017 ,207 ,37 ,014 ,,041 ,211 ,101 ,101 ,207 ,012 ,,312 ,017 ,108 ,108 ,042 ,012 ,,306 ,211 ,311 ,207 ,012 ,041 ,,304 ,311 ,SPH1 ,SPH1 ,017 ,211 ,
,077A/Re1 ,077A/Ma1 ,077A/Hi2 ,077A/E2 ,077A/Sc3 ,077A/Sc2b ,,077A/Ma1 ,077A/Gg1 ,077A/Te1 ,077A/Te1 ,077A/Gg3 ,077A/Ma3 ,,077A/Ma3 ,077A/E1 ,077A/Cp2 ,077A/Cp2 ,077A/Ci3 ,077A/Hi3 ,,077A/Ma3 ,077A/Sc1 ,077A/Ml1 ,077A/Hi3 ,077A/Ma1 ,077A/Hi1 ,,077A/Ml1 ,077A/Ma1 ,077A/Ga2 ,077A/Ga2 ,077A/E2 ,077A/Hi2 ,
,PXM ,ED ,SW ,AO ,JAM ,SSS ,,ED ,FON ,EG ,EG ,LXS ,MBM ,,MBM ,JH ,HES ,HES ,LTT ,SW ,,MBM ,JAB ,ACC ,SW ,ED ,STL ,,ACC ,ED ,AJT ,AJT ,AO ,SW ,
GO,202 ,306 ,314 ,041 ,032 ,023 ,,306 ,311 ,020 ,020 ,315 ,304 ,,304 ,207 ,117 ,117 ,040 ,314 ,,304 ,030 ,208 ,314 ,306 ,308 ,,208 ,306 ,FLD1 ,FLD1 ,041 ,314 ,
,077A/Re2 ,077A/Ml2 ,077A/Ml3 ,077A/E3b ,077A/Sk1 ,077A/Sc3 ,,077A/Sc3 ,077A/Ma2 ,077A/Te2 ,077A/Te2 ,077A/Ml2 ,077A/Ml1 ,,077A/Mu2 ,077A/Ml3 ,077A/Cp3 ,077A/Cp3 ,077A/Re1 ,077A/Ma2 ,,077A/Sc2a ,077A/Sc2a ,077A/Mu3 ,077A/Ml2 ,077A/Ma2 ,077A/Sk3 ,,077A/Sk2 ,077A/Ml3 ,077A/Ga3 ,077A/Ga3 ,077A/Sc1 ,077A/Sc1 ,
,KXM ,ACC ,JY ,HL ,CS ,JAM ,,JAM ,YC ,EAM ,EAM ,ACC ,ACC ,,EA ,JY ,JLS ,JLS ,PXM ,YC ,,SYS ,SYS ,EA ,ACC ,YC ,YC ,,MD ,JY ,DD ,DD ,JAB ,JAB ,
ABA,042 ,208 ,210 ,211 ,314 ,032 ,,032 ,037 ,010 ,010 ,208 ,208 ,,014 ,206 ,110 ,110 ,202 ,037 ,,028 ,028 ,014 ,208 ,037 ,037 ,,206 ,201 ,FLD2 ,FLD2 ,030 ,030 ,
,,,,,,,,,,077A/Te3 ,077A/Te3 ,,,,,,,,,,,,,,,,,,,,,,,,
,,,,,,,,,,WL ,WL ,,,,,,,,,,,,,,,,,,,,,,,,
,,,,,,,,,,102 ,102 ,,,,,,,,,,,,,,,,,,,,,,,,
07b ,077B/Ad1 ,077B/Ad1 ,077B/Dr1 ,077B/E2 ,077B/E1 ,077B/A2 ,,077B/E3 ,077B/Dr3 ,077B/Cp1 ,077B/Cp1 ,077B/Cp2 ,077B/Cp2 ,,077B/Ga1 ,077B/Ga1 ,077B/Ci3 ,077B/Gg1 ,077B/Gg2 ,077B/Hi3 ,,077B/Ci2 ,077B/A3 ,077B/Hi1 ,077B/E2 ,077B/Gg1 ,077B/E1 ,,077B/Cp3 ,077B/A1 ,077B/E2 ,077B/Gg3 ,077B/Hi1 ,077B/Dr2 ,
,EP ,EP ,JK ,CE ,JSJ ,RMP ,,KAC ,JK ,JLS ,JLS ,HES ,HES ,,SAA ,SAA ,LTT ,PRH ,LXS ,MAS ,,KXM ,RMP ,SW ,CE ,PRH ,JSJ ,,HES ,RMP ,CE ,LTT ,SW ,JK ,
YC,009 ,009 ,012 ,204 ,212 ,017 ,,214 ,012 ,110 ,110 ,117 ,117 ,,GYM2 ,GYM2 ,040 ,313 ,315 ,312 ,,042 ,017 ,314 ,204 ,313 ,207 ,,117 ,017 ,204 ,040 ,314 ,012 ,
,077B/Te1 ,077B/Te1 ,077B/E3 ,077B/Ma1 ,077B/Hi2 ,077B/Hi3 ,,077B/Gg2 ,077B/E1 ,077B/E2 ,077B/Ml3 ,077B/Sc1 ,077B/Sc1 ,,077B/Ga2 ,077B/Ga2 ,077B/Re1 ,077B/Ma2 ,077B/Ml1a ,077B/Mu2 ,,077B/Ci3 ,077B/Hi2 ,077B/Ma2 ,077B/E3 ,077B/Ma3 ,077B/Ml3 ,,077B/Sc2 ,077B/Cp3 ,077B/E3 ,077B/Ma2 ,077B/Ml2 ,077B/E1 ,
,RMP ,RMP ,KAC ,YC ,ZT ,MAS ,,LXS ,JSJ ,CE ,AHW ,KL ,KL ,,NM ,NM ,PXM ,ED ,ACC ,EA ,,LTT ,ZT ,ED ,KAC ,MBM ,AHW ,,JAB ,HES ,KAC ,ED ,ACC ,JSJ ,
GS,017 ,017 ,214 ,037 ,312 ,312 ,,315 ,212 ,204 ,206 ,028 ,028 ,,GYM1 ,GYM1 ,202 ,306 ,208 ,014 ,,040 ,311 ,306 ,214 ,304 ,206 ,,030 ,117 ,214 ,306 ,208 ,212 ,
,077B/Te2 ,077B/Te2 ,077B/Ma2 ,077B/Ma3 ,077B/Sc3b ,077B/Ml1a ,,077B/Ma1 ,077B/Ml2 ,077B/Gg3 ,077B/Sc2 ,077B/Sc3a ,077B/Sc3a ,,077B/Ga3 ,077B/Ga3 ,077B/Re2 ,077B/Ma3 ,077B/Mu3 ,077B/Sc1 ,,077B/Re1 ,077B/Ml1b ,077B/Ml3 ,077B/Ma1 ,077B/Ml2 ,077B/Sk2 ,,077B/Sk1 ,077B/Sc2 ,077B/Ma1 ,077B/Mu1 ,077B/Sk3 ,077B/Ma3 ,
,HHD ,HHD ,ED ,MBM ,JAB ,ACC ,,YC ,ACC ,LTT ,JAB ,JAB ,JAB ,,EB ,EB ,KXM ,MBM ,EA ,KL ,,PXM ,CP ,AHW ,YC ,ACC ,AH ,,PXM ,JAB ,YC ,EA ,CS ,MBM ,
JLS,102 ,102 ,306 ,306 ,030 ,208 ,,037 ,208 ,040 ,030 ,030 ,030 ,,FLD1 ,FLD1 ,042 ,304 ,014 ,028 ,,202 ,210 ,206 ,037 ,208 ,034 ,,202 ,030 ,037 ,014 ,206 ,304 ,
,077B/Te3 ,077B/Te3 ,,,,,,,,,,,,,077B/Ga4 ,077B/Ga4 ,,,,,,,,,,,,,,,,,,,
,EAM ,EAM ,,,,,,,,,,,,,AMS ,AMS ,,,,,,,,,,,,,,,,,,,
,010 ,010 ,,,,,,,,,,,,,SPH1 ,SPH1 ,,,,,,,,,,,,,,,,,,,
07c ,077C/Cp1 ,077C/Ci1 ,077C/Te1 ,077C/Te1 ,077C/Sc1a ,077C/Sc1a ,,077C/Dr1 ,077C/Gg1 ,077C/Sc1b ,077C/E1 ,077C/Ma1 ,077C/Ad1 ,,,,077C/E1 ,077C/Mu1 ,077C/Hi1 ,077C/Ma1 ,,077C/E1 ,077C/Pe1 ,077C/Ma1 ,077C/Hi1 ,077C/Re1 ,077C/Gg1 ,,077C/Ad1 ,077C/E1 ,077C/E1 ,077C/Ma1 ,077C/Su1 ,077C/Su1 ,
,SV ,KXM ,EAM ,EAM ,SNS ,SNS ,,JK ,LTT ,SNS ,CJW ,GO ,RMP ,,,,CJW ,EA ,MAS ,GO ,,CJW ,AMS ,GO ,MAS ,PXM ,LTT ,,RMP ,CJW ,CJW ,GO ,AH ,AH ,
AN,121 ,042 ,010 ,010 ,024 ,024 ,,012 ,040 ,024 ,207 ,038 ,017 ,,GYM1 ,GYM1 ,207 ,014 ,312 ,038 ,,207 ,GYM2 ,038 ,217 ,202 ,040 ,,017 ,207 ,207 ,038 ,034 ,034 ,
08a ,088A/Ga1 ,088A/Ga1 ,088A/E1a ,088A/Gg2 ,088A/Ad1 ,088A/Ad1 ,,088A/Sc1 ,088A/Sc1 ,088A/E1b ,088A/A2 ,088A/Ml3 ,088A/Ma1 ,,088A/A3 ,088A/Cp1 ,088A/E1a ,088A/Ma1 ,088A/Sc1 ,088A/Hi3 ,,088A/Ma1 ,088A/Dr1 ,088A/Pe1 ,088A/Ci3 ,088A/Ci1 ,088A/Dr3 ,,088A/Gg1 ,088A/Ma1 ,088A/A1 ,088A/Cp3 ,088A/E1a ,088A/Ml1 ,
,CW ,CW ,HL ,PRH ,EAM ,EAM ,,JAB ,JAB ,LXO ,RMP ,CP ,AN ,,RMP ,GS ,HL ,AN ,JAB ,PG ,,AN ,JK ,CW ,LTT ,LTT ,JK ,,FON ,AN ,EG ,SV ,HL ,ACC ,
,GYM1 ,GYM1 ,211 ,313 ,010 ,010 ,,030 ,030 ,211 ,017 ,210 ,307 ,,017 ,119 ,211 ,307 ,030 ,310 ,,307 ,012 ,FLD ,040 ,040 ,012 ,,311 ,307 ,020 ,121 ,211 ,208 ,
,088A/Ga2 ,088A/Ga2 ,088A/E2 ,088A/Hi1 ,088A/Te1 ,088A/Te1 ,,088A/Sc2a ,088A/Sc2a ,088A/E2 ,088A/Ml1 ,088A/Mu1 ,088A/Ma2 ,,088A/Gg2 ,088A/Gg3 ,088A/E2 ,088A/Ma2 ,088A/Sc2b ,088A/Ml2a ,,088A/Ma2 ,088A/Hi2 ,088A/Pe2 ,088A/Cp2 ,088A/Ci2 ,088A/Ml1 ,,088A/Hi2 ,088A/Ma2 ,088A/Gg3 ,088A/Dr2 ,088A/E2 ,088A/Ml2a ,
,SAA ,SAA ,JSJ ,SW ,EG ,EG ,,PP ,PP ,JSJ ,ACC ,EA ,GO ,,PRH ,NYM ,JSJ ,GO ,KL ,JY ,,GO ,SW ,MYT ,GS ,KXM ,ACC ,,SW ,GO ,NYM ,JK ,JSJ ,JY ,
,GYM2 ,GYM2 ,212 ,314 ,020 ,020 ,,027 ,027 ,212 ,208 ,014 ,038 ,,311 ,116 ,212 ,038 ,028 ,206 ,,038 ,314 ,FIT ,108 ,042 ,208 ,,314 ,038 ,312 ,012 ,212 ,206 ,
,088A/Ga3 ,088A/Ga3 ,088A/E3b ,088A/Re3 ,088A/Te2 ,088A/Te2 ,,088A/Sc3 ,088A/Sc3 ,088A/E3b ,088A/Mu3 ,088A/Re2 ,088A/Ma3 ,,088A/Hi1 ,088A/Ml2b ,088A/E3a ,088A/Ma3 ,088A/Sc3 ,088A/Re1 ,,088A/Ma3 ,088A/Hi3 ,088A/Pe3 ,088A/Gg1 ,088A/Ml3 ,088A/Re2 ,,088A/Ml3 ,088A/Ma3 ,088A/Mu2 ,088A/Re1 ,088A/E3a ,088A/Re3 ,
,AJT ,AJT ,CJW ,TP ,BC ,BC ,,SNS ,SNS ,CJW ,EA ,TP ,YC ,,SW ,ACC ,KAC ,YC ,SNS ,PXM ,,YC ,PG ,AJT ,FON ,CP ,TP ,,CP ,YC ,EA ,PXM ,KAC ,TP ,
,FLD1 ,FLD1 ,207 ,201 ,102 ,102 ,,024 ,024 ,207 ,014 ,201 ,039 ,,314 ,210 ,214 ,037 ,024 ,202 ,,037 ,310 ,FLD1 ,311 ,210 ,201 ,,210 ,037 ,014 ,301 ,214 ,201 ,
,,,,,088A/Te3 ,088A/Te3 ,,,,,,,,,,,,,,,,,,,,,,,,,,,,,
,,,,,EP ,EP ,,,,,,,,,,,,,,,,,,,,,,,,,,,,,
,,,,,009 ,009 ,,,,,,,,,,,,,,,,,,,,,,,,,,,,,
08b ,088B/Gg1 ,088B/Ma1 ,088B/Ml1 ,088B/E1 ,088B/A2 ,088B/Gg1 ,,088B/Ga1 ,088B/Ga1 ,088B/A1 ,088B/E1 ,088B/Sc1 ,088B/Sc1 ,,088B/E1 ,088B/Gg2 ,088B/Ad1 ,088B/Ad1 ,088B/Pe1 ,088B/Sc1 ,,088B/Hi2 ,088B/Ma1 ,088B/Ma1 ,088B/Dr1 ,088B/Cp3 ,088B/Ci1 ,,088B/E1 ,088B/Hi3 ,088B/Ci2 ,088B/Ma1 ,088B/A3 ,088B/Cp1 ,
,LXS ,MBM ,ACC ,JSJ ,RMP ,LXS ,,DD ,DD ,RMP ,JSJ ,SNS ,SNS ,,JSJ ,LXS ,EAM ,EAM ,AMS ,SNS ,,PG ,MBM ,MBM ,JK ,CI ,KXM ,,JSJ ,SW ,LTT ,MBM ,EG ,GS ,
,315 ,304 ,208 ,212 ,017 ,315 ,,FLD2 ,FLD2 ,017 ,212 ,024 ,024 ,,212 ,315 ,010 ,010 ,GYM1 ,024 ,,310 ,304 ,304 ,012 ,119 ,042 ,,212 ,314 ,040 ,304 ,020 ,108 ,
,088B/Gg3 ,088B/Ma2 ,088B/Ml3 ,088B/E2 ,088B/Ci3 ,088B/Ml2 ,,088B/Ga2 ,088B/Ga2 ,088B/Dr2 ,088B/E2 ,088B/Sc2a ,088B/Sc2a ,,088B/E2 ,088B/Re1 ,088B/Te1 ,088B/Te1 ,088B/Pe2 ,088B/Sc2b ,,088B/Hi3 ,088B/Ma2 ,088B/Ma2 ,088B/Ml2 ,088B/Hi1 ,088B/Gg2 ,,088B/E2 ,088B/Ml2 ,088B/Dr3 ,088B/Ma2 ,088B/Mu2 ,088B/Cp2 ,
,PRH ,YC ,AHW ,KAC ,KXM ,CP ,,AJT ,AJT ,JT ,KAC ,RCS ,RCS ,,KAC ,TP ,RMP ,RMP ,MYT ,JAM ,,SW ,YC ,YC ,CP ,PG ,LXS ,,KAC ,CP ,JK ,YC ,EA ,JLS ,
,313 ,037 ,206 ,214 ,042 ,210 ,,GYM2 ,GYM2 ,012 ,214 ,033 ,033 ,,214 ,201 ,017 ,017 ,FIT ,032 ,,314 ,037 ,037 ,210 ,310 ,315 ,,214 ,210 ,012 ,037 ,014 ,110 ,
,088B/Hi2 ,088B/Ma3 ,088B/Re2 ,088B/E3 ,088B/Hi1 ,088B/Ml3 ,,088B/Ga3 ,088B/Ga3 ,088B/Mu3 ,088B/E3 ,088B/Sc3a ,088B/Sc3a ,,088B/E3 ,088B/Re3 ,088B/Te2 ,088B/Te2 ,088B/Pe3 ,088B/Sc3b ,,088B/Ml1 ,088B/Ma3 ,088B/Ma3 ,088B/Ml3 ,088B/Re2 ,088B/Gg3 ,,088B/E3 ,088B/Mu1 ,088B/Ml1 ,088B/Ma3 ,088B/Re1 ,088B/Re3 ,
,PG ,AN ,TP ,ALS ,PG ,AHW ,,CW ,CW ,EA ,ALS ,PP ,PP ,,ALS ,PXM ,PCB ,PCB ,CW ,JAB ,,ACC ,AN ,AN ,AHW ,TP ,PRH ,,ALS ,EA ,ACC ,AN ,TP ,PXM ,
,310 ,307 ,201 ,217 ,310 ,206 ,,SPH1 ,SPH1 ,014 ,217 ,027 ,027 ,,217 ,202 ,011 ,011 ,SPH1 ,030 ,,208 ,307 ,307 ,206 ,201 ,313 ,,217 ,014 ,208 ,307 ,201 ,202 ,
,,,,,,,,088B/Ga4 ,088B/Ga4 ,,,,,,,,088B/Te3 ,088B/Te3 ,088B/Pe4 ,,,,,,,,,,,,,,,,
,,,,,,,,NM ,NM ,,,,,,,,WL ,WL ,NM ,,,,,,,,,,,,,,,,
,,,,,,,,FLD1 ,FLD1 ,,,,,,,,102 ,102 ,GYM2 ,,,,,,,,,,,,,,,,
08c ,088C/Mu1 ,088C/Hi1 ,088C/Ma1a ,088C/Gg1 ,088C/E1 ,088C/Ci1 ,,,,088C/E1 ,088C/Dr1 ,088C/Su1 ,088C/Su1 ,,088C/Te1 ,088C/Te1 ,088C/E1 ,088C/Gg1 ,,088C/Cp1 ,,088C/Sc1 ,088C/Sc1 ,088C/Ad1b ,088C/E1 ,088C/Ma1a ,088C/Hi1 ,,088C/Ad1a ,088C/Ma1b ,088C/Sc1 ,088C/E1 ,088C/Re1 ,088C/Ma1a ,
,EA ,ZT ,GO ,LXS ,AO ,LTT ,,,,AO ,JK ,ZT ,ZT ,,EAM ,EAM ,AO ,LXS ,,HES ,,JAM ,JAM ,EG ,AO ,GO ,ZT ,,SH ,ABA ,JAM ,AO ,PXM ,GO ,
,014 ,311 ,038 ,315 ,041 ,040 ,,,,041 ,012 ,313 ,313 ,,010 ,010 ,041 ,315 ,,117 ,,032 ,032 ,020 ,041 ,038 ,302 ,,021 ,039 ,032 ,041 ,202 ,038 ,
09a ,099A/Sc1a ,099A/Sc1a ,099A/Ga1 ,099A/Ga1 ,099A/E1 ,099A/Ma1 ,,099A/Ci3 ,099A/E1 ,099A/Ma1 ,099A/Ci2 ,099A/Ad1 ,099A/Ad1 ,,099A/Cp2 ,099A/Cp2 ,099A/Sc1b ,099A/Ci1 ,099A/A3 ,099A/Pe1 ,,099A/Cp1 ,099A/Cp1 ,099A/E1 ,099A/Gg2 ,099A/Cp3 ,099A/A2 ,,099A/Hi3 ,099A/E1 ,099A/Ma1 ,099A/A1 ,099A/Ma1 ,099A/Gg1 ,
,JAM ,JAM ,AMS ,AMS ,KAC ,GO ,,KXM ,KAC ,GO ,LTT ,EAM ,EAM ,,JLS ,JLS ,PP ,KXM ,RMP ,AMS ,,HES ,HES ,KAC ,MJH ,HES ,RMP ,,PG ,KAC ,GO ,EG ,GO ,MJH ,
,032 ,032 ,SPH1 ,SPH1 ,214 ,038 ,,042 ,214 ,038 ,040 ,010 ,010 ,,110 ,110 ,027 ,042 ,017 ,GYM2 ,,117 ,117 ,214 ,116 ,117 ,017 ,,310 ,214 ,038 ,020 ,038 ,116 ,
,099A/Sc2 ,099A/Sc2 ,099A/Ga2 ,099A/Ga2 ,099A/E2 ,099A/Ma2 ,,099A/Gg2 ,099A/E2 ,099A/Ma2 ,099A/Ml1 ,099A/Te1 ,099A/Te1 ,,099A/Ml1 ,099A/Dr1 ,099A/Sc2 ,099A/Dr3 ,099A/Hi1 ,099A/Pe2 ,,099A/Dr2 ,099A/Mu2 ,099A/E2 ,099A/Hi3 ,099A/Gg1 ,099A/Cp3 ,,099A/Ml2a ,099A/E2 ,099A/Ma2 ,099A/Gg3 ,099A/Ma2 ,099A/Hi2 ,
,RCS ,RCS ,EB ,EB ,CE ,ED ,,MJH ,CE ,ED ,JY ,EG ,EG ,,JY ,JK ,RCS ,JK ,PG ,DD ,,JK ,EA ,CE ,PG ,MJH ,HES ,,JY ,CE ,ED ,PS ,ED ,ZT ,
,033 ,033 ,GYM2 ,GYM2 ,204 ,306 ,,311 ,204 ,306 ,210 ,020 ,020 ,,206 ,012 ,033 ,012 ,310 ,FLD2 ,,012 ,014 ,204 ,310 ,315 ,117 ,,201 ,204 ,306 ,032 ,301 ,312 ,
,099A/Sc3a ,099A/Sc3a ,099A/Ga3 ,099A/Ga3 ,099A/E3b ,099A/Ma3 ,,099A/Re1 ,099A/E3b ,099A/Ma3 ,099A/Ml3 ,099A/Te2 ,099A/Te2 ,,099A/Ml3 ,099A/Mu3 ,099A/Sc3b ,099A/Re2 ,099A/Hi2 ,099A/Pe3 ,,099A/Gg3 ,099A/Re3 ,099A/E3a ,099A/Ml1 ,099A/Ml2a ,099A/Hi1 ,,099A/Mu1 ,099A/E3a ,099A/Ma3 ,099A/Ml2b ,099A/Ma3 ,099A/Ml3 ,
,KH ,KH ,AJT ,AJT ,JH ,MBM ,,TP ,JH ,MBM ,CP ,HHD ,HHD ,,CP ,EA ,SNS ,PXM ,ZT ,CW ,,PS ,PXM ,JSJ ,JY ,JY ,PG ,,EA ,JSJ ,MBM ,ACC ,MBM ,CP ,
,031 ,031 ,FLD1 ,FLD1 ,207 ,304 ,,201 ,207 ,301 ,204 ,102 ,102 ,,210 ,014 ,024 ,202 ,313 ,SPH1 ,,116 ,202 ,212 ,212 ,212 ,310 ,,014 ,212 ,304 ,208 ,304 ,210 ,
,,,,,,,,,,,,099A/Te3 ,099A/Te3 ,,,,,,,,,,,,,,,,,,,,,,
,,,,,,,,,,,,WL ,WL ,,,,,,,,,,,,,,,,,,,,,,
,,,,,,,,,,,,108 ,108 ,,,,,,,,,,,,,,,,,,,,,,
09b ,099B/Ma1 ,099B/Gg1 ,099B/Ml1 ,099B/Ci2 ,099B/Cp2 ,099B/Cp2 ,,099B/A2 ,099B/A3 ,099B/Pe1 ,099B/Sc1 ,099B/A1 ,099B/E1b ,,099B/Ci1 ,099B/Ma1 ,099B/Ga1 ,099B/Ga1 ,099B/E1b ,099B/Gg1 ,,099B/Sc1 ,099B/Sc1 ,099B/Gg2 ,099B/Ma1 ,099B/E1a ,099B/Ma1 ,,099B/E1a ,099B/Ml2a ,099B/Ad1 ,099B/Ad1 ,099B/Ci3 ,099B/Gg3 ,
,MBM ,PRH ,CP ,KXM ,HES ,HES ,,RMP ,EG ,NM ,KH ,RMP ,ALS ,,LTT ,MBM ,CW ,CW ,ALS ,PRH ,,KH ,KH ,NYM ,MBM ,JH ,MBM ,,JH ,CS ,PCB ,PCB ,LTT ,FON ,
,304 ,313 ,204 ,042 ,117 ,117 ,,017 ,020 ,GYM2 ,031 ,017 ,217 ,,040 ,304 ,GYM1 ,GYM1 ,217 ,313 ,,031 ,031 ,116 ,304 ,207 ,304 ,,207 ,208 ,011 ,011 ,040 ,313 ,
,099B/Ma2 ,099B/Hi2 ,099B/Ml2a ,099B/Dr3 ,099B/Cp3 ,099B/Cp3 ,,099B/Cp1 ,099B/Cp1 ,099B/Pe2 ,099B/Sc2 ,099B/Hi3 ,099B/E2a ,,099B/Gg3 ,099B/Ma2 ,099B/Ga2 ,099B/Ga2 ,099B/E2b ,099B/Gg2 ,,099B/Sc2 ,099B/Sc2 ,099B/Ml1 ,099B/Ma2 ,099B/E2a ,099B/Ma2 ,,099B/E2b ,099B/Ml3 ,099B/Te1 ,099B/Te1 ,099B/Dr2 ,099B/Hi1 ,
,GO ,PG ,CS ,JK ,GS ,GS ,,JLS ,JLS ,AJT ,SNS ,PG ,LXO ,,FON ,GO ,AJT ,AJT ,HL ,NYM ,,SNS ,SNS ,CP ,GO ,LXO ,GO ,,HL ,MD ,RMP ,RMP ,JK ,MAS ,
,038 ,310 ,106 ,012 ,119 ,119 ,,110 ,110 ,SPH1 ,024 ,310 ,211 ,,313 ,038 ,GYM2 ,GYM2 ,211 ,116 ,,024 ,024 ,210 ,038 ,211 ,038 ,,211 ,206 ,017 ,017 ,012 ,310 ,
,099B/Ma3 ,099B/Mu3 ,099B/Re3 ,099B/Hi1 ,099B/Mu1 ,099B/Dr1 ,,099B/Hi3 ,099B/Hi2 ,099B/Pe3 ,099B/Sc3 ,099B/Ml2b ,099B/E3 ,,099B/Re2 ,099B/Ma3 ,099B/Ga3 ,099B/Ga3 ,099B/E3 ,099B/Ml3 ,,099B/Sc3 ,099B/Sc3 ,099B/Ml3 ,099B/Ma3 ,099B/E3 ,099B/Ma3 ,,099B/E3 ,099B/Re1 ,099B/Te2 ,099B/Te2 ,099B/Ml1 ,099B/Mu2 ,
,ED ,EA ,PXM ,MAS ,EA ,JK ,,PG ,PG ,SAA ,PP ,AHW ,AO ,,PXM ,ED ,SAA ,SAA ,AO ,MD ,,PP ,PP ,MD ,ED ,AO ,ED ,,AO ,PXM ,BC ,BC ,CP ,EA ,
,306 ,014 ,202 ,312 ,014 ,012 ,,310 ,310 ,GYM1 ,027 ,206 ,041 ,,202 ,306 ,FLD1 ,FLD1 ,041 ,208 ,,027 ,027 ,217 ,306 ,041 ,306 ,,041 ,202 ,009 ,009 ,210 ,014 ,
,099B/Ma4 ,,,,,,,,,099B/Pe4 ,099B/Sc4 ,,099B/E4 ,,,099B/Ma4 ,099B/Ga4 ,099B/Ga4 ,099B/E4 ,,,099B/Sc4 ,099B/Sc4 ,,099B/Ma4 ,099B/E4 ,099B/Ma4 ,,099B/E4 ,,099B/Te3 ,099B/Te3 ,,,
,AN ,,,,,,,,,DD ,RCS ,,JT ,,,AN ,DD ,DD ,JT ,,,RCS ,RCS ,,AN ,JT ,AN ,,JT ,,WL ,WL ,,,
,307 ,,,,,,,,,FLD2 ,033 ,,043 ,,,307 ,FLD2 ,FLD2 ,043 ,,,033 ,033 ,,307 ,043 ,307 ,,043 ,,117 ,117 ,,,
09c ,,099C/Re1 ,099C/Hi1 ,099C/Gg1 ,099C/Te1 ,099C/Te1 ,,099C/Ad1 ,099C/Mu1 ,,,099C/Ci1 ,,,099C/Gg1 ,,,,,099C/Ad1 ,,,,099C/Dr1 ,,,,,,099C/Hi1 ,099C/Cp1 ,099C/Cp1 ,099C/Su1 ,099C/Su1 ,
,,TP ,PG ,PS ,HHD ,HHD ,,EG ,EA ,,,KXM ,,,PS ,,,,,EG ,,,,JK ,,,,,,PG ,GS ,GS ,NM ,NM ,
,,201 ,310 ,116 ,101 ,101 ,,020 ,014 ,,,042 ,,,116 ,,,,,020 ,,,,012 ,,,,,,310 ,108 ,108 ,043 ,043 ,
10a ,10S1/Bi1 ,10S1/Bi1 ,10M1/Ma1b ,10L1/Fr1 ,10L1/Fr1 ,10E1/E1 ,,10A2/Ad1 ,10A2/Ad1 ,10L1/Fr1 ,10M1/Ma1a ,10P1/Ga1 ,10P1/Ga1 ,,10S1/Ch1 ,10S1/Ch1 ,10A1/Gg1 ,10A1/Gg1 ,10M1/Ma1b ,10E1/E1 ,,10E1/E1 ,10L1/Fr1 ,10A2/Ad1 ,10A2/Ad1 ,10S1/Bi2 ,10S1/Bi2 ,,10M1/Ma1a ,10E1/E1 ,10E1/E1 ,10A1/Gg1 ,10A1/Gg1 ,10M1/Ma1b ,
,RS ,RS ,ABA ,MD ,MD ,AO ,,SH ,SH ,MD ,ED ,SAA ,SAA ,,KL ,KL ,FON ,FON ,ABA ,AO ,,AO ,MD ,SH ,SH ,RCS ,RCS ,,ED ,AO ,AO ,FON ,FON ,ABA ,
,035 ,035 ,039 ,304 ,304 ,041 ,,021 ,021 ,217 ,306 ,GYM1 ,GYM1 ,,028 ,028 ,311 ,311 ,039 ,041 ,,041 ,217 ,021 ,021 ,033 ,033 ,,306 ,041 ,041 ,313 ,313 ,039 ,
,10S1/Ph2 ,10S1/Ph2 ,10M1/Ma2 ,10L1/Fr2 ,10L1/Fr2 ,10E1/E2b ,,10A2/Cp1 ,10A2/Cp1 ,10L1/Fr2 ,10M1/Ma2 ,10P1/Ga2 ,10P1/Ga2 ,,10S1/Ch2 ,10S1/Ch2 ,10A1/Gg2 ,10A1/Gg2 ,10M1/Ma2 ,10E1/E2b ,,10E1/E2a ,10L1/Fr2 ,10A2/Cp1 ,10A2/Cp1 ,10S1/Ph1 ,10S1/Ph1 ,,10M1/Ma2 ,10E1/E2b ,10E1/E2b ,10A1/Gg2 ,10A1/Gg2 ,10M1/Ma2 ,
,JRD ,JRD ,YC ,ACC ,ACC ,HL ,,CI ,CI ,ACC ,YC ,DD ,DD ,,SYS ,SYS ,MJH ,MJH ,YC ,HL ,,LXO ,ACC ,CI ,CI ,SSS ,SSS ,,YC ,HL ,HL ,MJH ,MJH ,YC ,
,026 ,026 ,037 ,208 ,208 ,211 ,,119 ,119 ,208 ,037 ,FLD2 ,FLD2 ,,033 ,033 ,217 ,217 ,037 ,211 ,,211 ,208 ,119 ,119 ,023 ,023 ,,037 ,211 ,211 ,116 ,116 ,037 ,
,10S1/Sc1c ,10S1/Sc1c ,10M1/Ma3b ,10L1/Sa1 ,10L1/Sa1 ,10E1/E3 ,,10A2/Ec1 ,10A2/Ec1 ,10L1/Sa1 ,10M1/Ma3a ,10P1/Ga3 ,10P1/Ga3 ,,10S1/Sc1a ,10S1/Sc1a ,10A1/Hi1 ,10A1/Hi1 ,10M1/Ma3b ,10E1/E3 ,,10E1/E3 ,10L1/Sa1 ,10A2/Ec1 ,10A2/Ec1 ,10S1/Sc1b ,10S1/Sc1b ,,10M1/Ma3a ,10E1/E3 ,10E1/E3 ,10A1/Hi1 ,10A1/Hi1 ,10M1/Ma3b ,
,PP ,PP ,MMS ,AHW ,AHW ,TK ,,MBK ,MBK ,AHW ,GO ,CW ,CW ,,JRD ,JRD ,PG ,PG ,MMS ,TK ,,TK ,AHW ,MBK ,MBK ,SNS ,SNS ,,GO ,TK ,TK ,PG ,PG ,MMS ,
,027 ,027 ,302 ,206 ,206 ,314 ,,036 ,036 ,206 ,038 ,GYM2 ,GYM2 ,,026 ,026 ,310 ,310 ,302 ,106 ,,106 ,206 ,036 ,036 ,024 ,024 ,,038 ,301 ,043 ,310 ,310 ,302 ,
,10S1/Sc2c ,10S1/Sc2c ,10M1/Ma4 ,10L1/Sa2 ,10L1/Sa2 ,10E1/E4 ,,10A2/Pe1 ,10A2/Pe1 ,10L1/Sa2 ,10M1/Ma4 ,10P1/Ga4 ,10P1/Ga4 ,,10S1/Sc2b ,10S1/Sc2b ,10A1/Hi2 ,10A1/Hi2 ,10M1/Ma4 ,10E1/E4 ,,10E1/E4 ,10L1/Sa2 ,10A2/Pe1 ,10A2/Pe1 ,10S1/Sc2a ,10S1/Sc2a ,,10M1/Ma4 ,10E1/E4 ,10E1/E4 ,10A1/Hi2 ,10A1/Hi2 ,10M1/Ma4 ,
,SSS ,SSS ,AR ,JY ,JY ,ALS ,,SAA ,SAA ,JY ,AR ,NM ,NM ,,KH ,KH ,ZT ,ZT ,AR ,ALS ,,ALS ,JY ,SAA ,SAA ,JAB ,JAB ,,AR ,ALS ,ALS ,ZT ,ZT ,AR ,
,023 ,023 ,301 ,210 ,210 ,217 ,,S103 ,S103 ,210 ,301 ,FLD1 ,FLD1 ,,031 ,031 ,314 ,314 ,301 ,217 ,,217 ,302 ,027 ,027 ,030 ,030 ,,301 ,217 ,217 ,312 ,312 ,301 ,
,,,,,,,,10A2/Re1 ,10A2/Re1 ,,,,,,,,,,,,,,,10A2/Re1 ,10A2/Re1 ,,,,,,,,,,
,,,,,,,,PXM ,PXM ,,,,,,,,,,,,,,,PXM ,PXM ,,,,,,,,,,
,,,,,,,,202 ,202 ,,,,,,,,,,,,,,,202 ,202 ,,,,,,,,,,
,,,,,,,,10A2/Te1 ,10A2/Te1 ,,,,,,,,,,,,,,,10A2/Te1 ,10A2/Te1 ,,,,,,,,,,
,,,,,,,,PCB ,PCB ,,,,,,,,,,,,,,,PCB ,PCB ,,,,,,,,,,
,,,,,,,,013 ,013 ,,,,,,,,,,,,,,,011 ,011 ,,,,,,,,,,
,,,,,,,,10A2/Te2 ,10A2/Te2 ,,,,,,,,,,,,,,,10A2/Te2 ,10A2/Te2 ,,,,,,,,,,
,,,,,,,,LDM ,LDM ,,,,,,,,,,,,,,,LDM ,LDM ,,,,,,,,,,
,,,,,,,,101 ,101 ,,,,,,,,,,,,,,,101 ,101 ,,,,,,,,,,
10b ,10B3/Ad1 ,10B3/Ad1 ,10B1/Gg1 ,10M2/Ma1 ,10M2/Ma1 ,10E2/E1 ,,10B2/Bt1 ,10B2/Bt1 ,10B1/Gg1 ,10B1/Gg1 ,10M2/Ma1 ,10E2/E1 ,,10S2/Sc1c ,10S2/Sc1c ,10M2/Ma1 ,10E2/E1 ,10E2/E1 ,10M2/Ma1 ,,10B1/Gg1 ,10E2/E1 ,10S2/Sc1b ,10S2/Sc1b ,10P2/Ga1 ,10P2/Ga1 ,,10B2/Bt1 ,10B3/Ad1 ,10M2/Ma1 ,10E2/E1 ,10S2/Sc1a ,10S2/Sc1a ,
,EG ,EG ,PRH ,AN ,AN ,JSJ ,,JRS ,JRS ,PRH ,PRH ,AN ,JSJ ,,PP ,PP ,AN ,JSJ ,JSJ ,AN ,,PRH ,JSJ ,SYS ,SYS ,DD ,DD ,,JRS ,EG ,AN ,JSJ ,KH ,KH ,
,020 ,020 ,313 ,307 ,307 ,212 ,,035 ,035 ,313 ,313 ,307 ,212 ,,027 ,027 ,307 ,212 ,212 ,307 ,,313 ,212 ,028 ,028 ,FLD2 ,FLD2 ,,035 ,020 ,307 ,314 ,031 ,031 ,
,10B3/Dr1 ,10B3/Dr1 ,10B1/Gg2 ,10M2/Ma2 ,10M2/Ma2 ,10E2/E2 ,,10B2/Eg1a ,10B2/Eg1a ,10B1/Gg2 ,10B1/Gg2 ,10M2/Ma2 ,10E2/E2 ,,10S2/Sc2b ,10S2/Sc2b ,10M2/Ma2 ,10E2/E2 ,10E2/E2 ,10M2/Ma2 ,,10B1/Gg2 ,10E2/E2 ,10S2/Sc2a ,10S2/Sc2a ,10P2/Ga2 ,10P2/Ga2 ,,10B2/Eg1b ,10B3/Dr1 ,10M2/Ma2 ,10E2/E2 ,10S2/Sc2c ,10S2/Sc2c ,
,JK ,JK ,LXS ,ABA ,ABA ,KAC ,,WL ,WL ,LXS ,LXS ,ABA ,KAC ,,JAB ,JAB ,ABA ,KAC ,KAC ,ABA ,,LXS ,KAC ,JAM ,JAM ,SAA ,SAA ,,EAM ,JK ,ABA ,KAC ,PP ,PP ,
,012 ,012 ,315 ,039 ,039 ,214 ,,121 ,121 ,315 ,315 ,039 ,214 ,,030 ,030 ,039 ,214 ,214 ,039 ,,315 ,214 ,032 ,032 ,GYM1 ,GYM1 ,,010 ,012 ,039 ,214 ,027 ,027 ,
,10B3/St1 ,10B3/St1 ,10B1/Hi1 ,10M2/Ma3 ,10M2/Ma3 ,10E2/E3 ,,10B2/It1 ,10B2/It1 ,10B1/Hi1 ,10B1/Hi1 ,10M2/Ma3 ,10E2/E3 ,,10S2/Sc3b ,10S2/Sc3b ,10M2/Ma3 ,10E2/E3 ,10E2/E3 ,10M2/Ma3 ,,10B1/Hi1 ,10E2/E3 ,10S2/Sc3c ,10S2/Sc3c ,10P2/Ga3 ,10P2/Ga3 ,,10B2/It1 ,10B3/St1 ,10M2/Ma3 ,10E2/E3 ,10S2/Sc3a ,10S2/Sc3a ,
,EB ,EB ,ZT ,AR ,AR ,CE ,,GS ,GS ,ZT ,ZT ,AR ,CE ,,SSS ,SSS ,AR ,CE ,CE ,AR ,,ZT ,CE ,PP ,PP ,CW ,CW ,,GS ,EB ,AR ,CE ,JAM ,JAM ,
,119 ,119 ,311 ,301 ,301 ,204 ,,108 ,108 ,304 ,304 ,301 ,204 ,,023 ,023 ,301 ,204 ,204 ,301 ,,311 ,204 ,022 ,022 ,GYM2 ,FLD1 ,,108 ,119 ,301 ,204 ,032 ,032 ,
,10B3/St2 ,10B3/St2 ,10B1/Hi2 ,10M2/Ma4a ,10M2/Ma4b ,10E2/E4 ,,10B2/Tf1 ,10B2/Tf1 ,10B1/Hi2 ,10B1/Hi2 ,10M2/Ma4a ,10E2/E4 ,,,,10M2/Ma4b ,10E2/E4 ,10E2/E4 ,10M2/Ma4b ,,10B1/Hi2 ,10E2/E4 ,,,,,,10B2/Tf1 ,10B3/St2 ,10M2/Ma4a ,10E2/E4 ,,,
,DD ,DD ,MAS ,MMS ,ED ,JH ,,BC ,BC ,MAS ,MAS ,MMS ,JH ,,,,ED ,JH ,JH ,ED ,,MAS ,JH ,,,,,,BC ,DD ,MMS ,JH ,,,
,S103 ,S103 ,312 ,302 ,306 ,207 ,,009 ,009 ,312 ,312 ,302 ,207 ,,,,306 ,207 ,207 ,306 ,,312 ,207 ,,,,,,009 ,027 ,302 ,217 ,,,
10c ,10B3/Te1 ,10B3/Te1 ,10C1/Sc1 ,,,,,10C1/It1 ,10C1/It1 ,10C1/Tf1 ,10C1/Tf1 ,,,,10C1/It1 ,10C1/It1 ,,,,,,10C1/Su1 ,,10C1/Sc1 ,10C1/Sc1 ,,,,10C1/Su1 ,10B3/Te1 ,,,10C1/Tf1 ,10C1/Tf1 ,
,PCB ,PCB ,SNS ,,,,,HES ,HES ,BC ,BC ,,,,HES ,HES ,,,,,,NM ,,SNS ,SNS ,,,,NM ,PCB ,,,BC ,BC ,
,013 ,013 ,024 ,,,,,117 ,117 ,009 ,009 ,,,,117 ,117 ,,,,,,206 ,,024 ,024 ,,,,026 ,011 ,,,013 ,013 ,
11a ,11E1/E1 ,11E1/E1 ,11S1/Bi1 ,11S1/Bi1 ,11P1/Ga1 ,11P1/Ga1 ,,11S1/Ph1 ,11S1/Ph1 ,11M1/Ma1 ,11M1/Ma1 ,11E1/E1 ,11L1/Fr1 ,,11M1/Ma1 ,11E1/E1 ,11S1/Ch1 ,11S1/Ch1 ,11A2/Ad1 ,11A2/Ad1 ,,11A2/Ad1 ,11A2/Ad1 ,11A1/Gg1 ,11A1/Gg1 ,11M1/Ma1 ,11L1/Fr1 ,,11A1/Gg1 ,11A1/Gg1 ,11L1/Fr1 ,11L1/Fr1 ,11M1/Ma1 ,11E1/E1 ,
,CE ,CE ,KH ,KH ,CW ,CW ,,JRD ,JRD ,MMS ,MMS ,CE ,CS ,,MMS ,CE ,SSS ,SSS ,SH ,SH ,,SH ,SH ,LXS ,LXS ,MMS ,CS ,,LXS ,LXS ,CS ,CS ,MMS ,CE ,
,204 ,204 ,031 ,031 ,GYM1 ,GYM1 ,,026 ,026 ,302 ,302 ,204 ,306 ,,302 ,204 ,023 ,023 ,021 ,021 ,,021 ,021 ,315 ,315 ,302 ,214 ,,315 ,315 ,212 ,212 ,302 ,204 ,
,11E1/E2 ,11E1/E2 ,11S1/Bi2 ,11S1/Bi2 ,11P1/Ga2 ,11P1/Ga2 ,,11S1/Ph2 ,11S1/Ph2 ,11M1/Ma2 ,11M1/Ma2 ,11E1/E2 ,11L1/Fr2 ,,11M1/Ma2 ,11E1/E2 ,11S1/Ch2 ,11S1/Ch2 ,11A2/Cp1 ,11A2/Cp1 ,,11A2/Cp1 ,11A2/Cp1 ,11A1/Gg2 ,11A1/Gg2 ,11M1/Ma2 ,11L1/Fr2 ,,11A1/Gg2 ,11A1/Gg2 ,11L1/Fr2 ,11L1/Fr2 ,11M1/Ma2 ,11E1/E2 ,
,AO ,AO ,JAB ,JAB ,AJT ,AJT ,,SSS ,SSS ,AN ,AN ,AO ,MD ,,AN ,AO ,SYS ,SYS ,GS ,GS ,,GS ,GS ,PRH ,PRH ,AN ,MD ,,PRH ,PRH ,MD ,MD ,AN ,AO ,
,041 ,041 ,030 ,030 ,SPH1 ,SPH1 ,,023 ,023 ,307 ,307 ,041 ,206 ,,307 ,041 ,026 ,026 ,108 ,108 ,,108 ,108 ,313 ,313 ,307 ,204 ,,313 ,313 ,206 ,206 ,307 ,041 ,
,11E1/E3 ,11E1/E3 ,11S1/Sc1c ,11S1/Sc1c ,11P1/Ga3 ,11P1/Ga3 ,,11S1/Sc1b ,11S1/Sc1b ,11M1/Ma3 ,11M1/Ma3 ,11E1/E3 ,11L1/Sa1 ,,11M1/Ma3 ,11E1/E3 ,11S1/Sc1a ,11S1/Sc1a ,11A2/Ec1 ,11A2/Ec1 ,,11A2/Ec1 ,11A2/Ec1 ,11A1/Hi1 ,11A1/Hi1 ,11M1/Ma3 ,11L1/Sa1 ,,11A1/Hi1 ,11A1/Hi1 ,11L1/Sa1 ,11L1/Sa1 ,11M1/Ma3 ,11E1/E3 ,
,KAC ,KAC ,JAM ,JAM ,EB ,EB ,,KL ,KL ,SF ,SF ,KAC ,JY ,,SF ,KAC ,KH ,KH ,MBK ,MBK ,,MBK ,MBK ,STL ,STL ,SF ,JY ,,STL ,STL ,JY ,JY ,SF ,KAC ,
,214 ,214 ,032 ,032 ,FLD1 ,FLD1 ,,028 ,028 ,308 ,308 ,214 ,302 ,,308 ,214 ,031 ,031 ,036 ,036 ,,036 ,036 ,308 ,308 ,308 ,212 ,,106 ,106 ,202 ,202 ,308 ,214 ,
,11E1/E4 ,11E1/E4 ,11S1/Sc2b ,11S1/Sc2b ,11P1/Ga4 ,11P1/Ga4 ,,11S1/Sc2c ,11S1/Sc2c ,11M1/Ma4 ,11M1/Ma4 ,11E1/E4 ,11L1/Sa2 ,,11M1/Ma4 ,11E1/E4 ,11S1/Sc2a ,11S1/Sc2a ,11A2/Pe1b ,11A2/Pe1b ,,11A2/Pe1a ,11A2/Pe1a ,11A1/Hi2 ,11A1/Hi2 ,11M1/Ma4 ,11L1/Sa2 ,,11A1/Hi2 ,11A1/Hi2 ,11L1/Sa2 ,11L1/Sa2 ,11M1/Ma4 ,11E1/E4 ,
,ALS ,ALS ,SYS ,SYS ,DS ,DS ,,KH ,KH ,OO ,OO ,ALS ,CP ,,OO ,ALS ,JAM ,JAM ,AJT ,AJT ,,CW ,CW ,ZT ,ZT ,OO ,CP ,,ZT ,ZT ,CP ,CP ,OO ,ALS ,
,217 ,217 ,036 ,036 ,FLD2 ,FLD2 ,,031 ,031 ,106 ,106 ,217 ,210 ,,037 ,217 ,032 ,032 ,031 ,031 ,,043 ,043 ,312 ,312 ,106 ,210 ,,302 ,302 ,210 ,210 ,106 ,217 ,
,,,,,,,,,,,,,11L1/Su1 ,,,,,,11A2/Re1 ,11A2/Re1 ,,11A2/Re1 ,11A2/Re1 ,,,,11L1/Su1 ,,,,11L1/Su1 ,11L1/Su1 ,,,
,,,,,,,,,,,,,REC ,,,,,,TP ,TP ,,TP ,TP ,,,,REC ,,,,REC ,REC ,,,
,,,,,,,,,,,,,109 ,,,,,,201 ,201 ,,201 ,201 ,,,,109 ,,,,109 ,109 ,,,
,,,,,,,,,,,,,,,,,,,11A2/Te1 ,11A2/Te1 ,,11A2/Te1 ,11A2/Te1 ,,,,,,,,,,,,
,,,,,,,,,,,,,,,,,,,LDM ,LDM ,,LDM ,LDM ,,,,,,,,,,,,
,,,,,,,,,,,,,,,,,,,101 ,101 ,,101 ,101 ,,,,,,,,,,,,
,,,,,,,,,,,,,,,,,,,11A2/Te2 ,11A2/Te2 ,,11A2/Te2 ,11A2/Te2 ,,,,,,,,,,,,
,,,,,,,,,,,,,,,,,,,WL ,WL ,,WL ,WL ,,,,,,,,,,,,
,,,,,,,,,,,,,,,,,,,110 ,110 ,,110 ,110 ,,,,,,,,,,,,
11b ,11M2/Ma1 ,11B2/Bt1 ,11S2/Sc1a ,11S2/Sc1a ,11E2/E1 ,11M2/Ma1 ,117/Bt1 ,11E2/E1 ,11M2/Ma1 ,11B1/Gg1 ,11B1/Gg1 ,11E2/E1 ,11L1/Li1 ,,11E2/E1 ,11B1/Gg1 ,11B3/Ad1 ,11B3/Ad1 ,11S2/Sc1c ,11S2/Sc1c ,,11B2/Bt1 ,11B2/Bt1 ,11M2/Ma1 ,11M2/Ma1 ,11B3/Ad1 ,11E2/E1 ,,11S2/Sc1b ,11S2/Sc1b ,11B1/Gg1 ,11E2/E1 ,11P2/Ga1 ,11P2/Ga1 ,
,ABA ,AH ,RCS ,RCS ,CJW ,ABA ,JRS ,CJW ,ABA ,MJH ,MJH ,CJW ,MAS ,,CJW ,MJH ,EG ,EG ,PP ,PP ,,AH ,AH ,ABA ,ABA ,EG ,CJW ,,JAM ,JAM ,MJH ,CJW ,DD ,DD ,
,039 ,034 ,033 ,033 ,217 ,039 ,035 ,207 ,039 ,116 ,116 ,212 ,312 ,,207 ,302 ,020 ,020 ,027 ,027 ,,034 ,034 ,039 ,039 ,020 ,217 ,,032 ,032 ,116 ,207 ,FLD2 ,FLD2 ,
,11M2/Ma2 ,11B2/Eg1b ,11S2/Sc2b ,11S2/Sc2b ,11E2/E2b ,11M2/Ma2 ,117/Lk1 ,11E2/E2a ,11M2/Ma2 ,11B1/Gg2 ,11B1/Gg2 ,11E2/E2a ,11L1/Li2 ,,11E2/E2b ,11B1/Gg2 ,11B3/Ad2 ,11B3/Ad2 ,11S2/Sc2a ,11S2/Sc2a ,,11B2/Eg1a ,11B2/Eg1a ,11M2/Ma2 ,11M2/Ma2 ,11B3/Ad2 ,11E2/E2a ,,11S2/Sc2c ,11S2/Sc2c ,11B1/Gg2 ,11E2/E2b ,11P2/Ga2 ,11P2/Ga2 ,
,AR ,WL ,KL ,KL ,HL ,AR ,,LXO ,AR ,FON ,FON ,LXO ,LTT ,,HL ,FON ,SH ,SH ,SSS ,SSS ,,EAM ,EAM ,AR ,AR ,SH ,LXO ,,RCS ,RCS ,FON ,HL ,SAA ,SAA ,
,301 ,108 ,028 ,028 ,211 ,301 ,,211 ,301 ,311 ,311 ,211 ,040 ,,211 ,313 ,021 ,021 ,023 ,023 ,,010 ,010 ,301 ,301 ,021 ,211 ,,033 ,033 ,313 ,211 ,GYM1 ,GYM1 ,
,11M2/Ma3 ,11B2/It1 ,11S2/Sc3b ,11S2/Sc3b ,11E2/E3 ,11M2/Ma3 ,,11E2/E3 ,11M2/Ma3 ,11B1/Hi1 ,11B1/Hi1 ,11E2/E3 ,11L1/Li3 ,,11E2/E3 ,11B1/Hi1 ,11B3/St1 ,11B3/St1 ,11S2/Sc3a ,11S2/Sc3a ,,11B2/It1 ,11B2/It1 ,11M2/Ma3 ,11M2/Ma3 ,11B3/St1 ,11E2/E3 ,,11S2/Sc3c ,11S2/Sc3c ,11B1/Hi1 ,11E2/E3 ,11P2/Ga3 ,11P2/Ga3 ,
,OO ,JLS ,PP ,PP ,JT ,OO ,,JT ,OO ,PG ,PG ,JT ,KXM ,,JT ,PG ,AMS ,AMS ,RCS ,RCS ,,JLS ,JLS ,OO ,OO ,AMS ,JT ,,SNS ,SNS ,PG ,JT ,AMS ,AMS ,
,037 ,110 ,027 ,027 ,043 ,037 ,,043 ,106 ,310 ,310 ,043 ,042 ,,043 ,310 ,S103 ,S103 ,033 ,033 ,,121 ,121 ,106 ,106 ,S103 ,043 ,,024 ,024 ,310 ,043 ,FLD1 ,FLD1 ,
,11M2/Ma4 ,,,,11E2/E4 ,11M2/Ma4 ,,11E2/E4 ,11M2/Ma4 ,11B1/Hi2 ,11B1/Hi2 ,11E2/E4 ,,,11E2/E4 ,11B1/Hi2 ,11B3/Te1 ,11B3/Te1 ,,,,,,11M2/Ma4 ,11M2/Ma4 ,11B3/Te1 ,11E2/E4 ,,,,11B1/Hi2 ,11E2/E4 ,,,
,MMS ,,,,TVW ,MMS ,,TVW ,MMS ,SW ,SW ,TVW ,,,TVW ,SW ,LDM ,LDM ,,,,,,MMS ,MMS ,LDM ,TVW ,,,,SW ,TVW ,,,
,302 ,,,,033 ,302 ,,106 ,302 ,314 ,314 ,314 ,,,106 ,314 ,121 ,121 ,,,,,,302 ,302 ,108 ,106 ,,,,314 ,033 ,,,
11c ,,11C1/It1 ,11C1/Tf1 ,11C1/Tf1 ,,,,,,11C1/Sc1 ,11C1/Sc1 ,,11C1/Sc1 ,,,11C1/Li1 ,11B3/Tf1 ,11B3/Tf1 ,11C1/It1 ,11C1/It1 ,,11C1/Tf1 ,11C1/Tf1 ,,,11B3/Tf1 ,,,11C1/Su1 ,11C1/Su1 ,11C1/It1 ,,,,
,,SV ,BC ,BC ,,,,,,JAM ,JAM ,,JAM ,,,KXM ,BC ,BC ,SV ,SV ,,BC ,BC ,,,BC ,,,LB ,LB ,SV ,,,,
,,121 ,009 ,009 ,,,,,,032 ,032 ,,032 ,,,042 ,009 ,009 ,121 ,121 ,,013 ,013 ,,,009 ,,,001 ,001 ,121 ,,,,
12a ,12A/Ch1b ,12A/Ca1 ,12E/Bi1a ,12E/Bi1a ,12D/Ca1 ,12D/Ch1a ,12C/Bi1c ,12A/Ch1b ,12A/Ch1b ,12D/Ch1c ,12D/Ch1a ,12C/Bi1a ,12C/Bi1a ,12E/Bi1b ,12B/Ad1b ,12B/Ad1b ,12A/Ch1a ,12A/Ch1a ,12W/Aa1 ,12W/Aa1 ,12W/Lk1 ,12C/Bi1b ,12C/Bi1b ,12E/Bi1c ,12E/Bi1b ,12B/Hi1a ,12B/Ad1a ,,12C/Bi1a ,12E/Bi1a ,12D/Ch1b ,12D/Ch1b ,12B/Ad1a ,12B/Ad1a ,
,SYS ,AC ,SLS ,SLS ,AC ,KL ,JAB ,SYS ,SYS ,PP ,KL ,KH ,KH ,RCS ,EG ,EG ,KL ,KL ,JL ,JL ,,SLS ,SLS ,JAB ,RCS ,MAS ,SH ,,KH ,SLS ,SLS ,SLS ,SH ,SH ,
,028 ,117 ,022 ,022 ,116 ,028 ,030 ,033 ,033 ,027 ,028 ,031 ,031 ,033 ,020 ,020 ,028 ,028 ,GYM ,GYM ,,022 ,022 ,030 ,,312 ,021 ,,031 ,022 ,022 ,022 ,021 ,021 ,
,12A/Fr1 ,12A/Ch1b ,12E/Cp1b ,12E/Cp1b ,12D/Ch1a ,12D/Ec1 ,12C/E1b ,12A/Fr1 ,12A/Fr1 ,12D/Ec1 ,12D/Ec1 ,12C/Ca1 ,12C/E1a ,12E/Cp1a ,12B/Ep2 ,12B/Hi1b ,12A/Fr1 ,12A/Fr1 ,12W/Ad1 ,12W/Lk1 ,12W/Sd1a ,12C/E1b ,12C/E1a ,12E/Ca1 ,12E/Cp1a ,12B/Ph1b ,12B/Hi1a ,,12C/E1b ,12E/Cp1a ,12D/Ec1 ,12D/Ec1 ,12B/Ep1 ,12B/Ca1 ,
,MD ,SYS ,CI ,CI ,KL ,MBK ,CE ,MD ,MD ,MBK ,MBK ,AC ,TK ,SV ,TP ,STL ,MD ,MD ,EG ,,EO ,CE ,TK ,AC ,SV ,JAM ,MAS ,,CE ,SV ,MBK ,MBK ,TK ,AC ,
,207 ,028 ,119 ,119 ,028 ,036 ,204 ,217 ,217 ,036 ,036 ,LIB ,202 ,121 ,201 ,312 ,208 ,208 ,020 ,,LECT ,204 ,106 ,117 ,121 ,032 ,312 ,,204 ,121 ,036 ,036 ,110 ,121 ,
,12A/Gp1b ,12A/Fr1 ,12E/Ms1 ,12E/Ms1 ,12D/Ec1 ,12D/Gg1a ,12C/Ma1c ,12A/Gp1b ,12A/Gp1b ,12D/Gg1a ,12D/Gg1a ,12C/E1a ,12C/Ma2b ,12E/Ms1 ,12B/Hi1a ,12B/Ph1c ,12A/Gp1a ,12A/Gp1a ,12W/Lk1 ,12W/Ma1 ,,12C/Ma1b ,12C/Ma1b ,12E/Cp1a ,12E/Ms1 ,12B/Ps1 ,12B/Ph1a ,,12C/Ma1d ,12E/Ms1 ,12D/Gg1b ,12D/Gg1b ,12B/Hi1b ,12B/Hi1b ,
,SW ,MD ,JT ,JT ,MBK ,NYM ,SF ,SW ,SW ,NYM ,NYM ,TK ,AR ,JT ,MAS ,JAM ,MAS ,MAS ,,MMS ,,AR ,AR ,SV ,JT ,LW ,JRD ,,MMS ,JT ,LXS ,LXS ,STL ,STL ,
,314 ,207 ,043 ,043 ,036 ,116 ,308 ,314 ,314 ,043 ,043 ,202 ,301 ,043 ,310 ,032 ,312 ,312 ,,302 ,,301 ,301 ,121 ,043 ,001 ,026 ,,034 ,043 ,315 ,315 ,306 ,306 ,
,12A/Sa1a ,12A/Gp1a ,12E/Pe1b ,12E/Pe1b ,12D/Gg1b ,12D/Mf1a ,12C/Ma2b ,12A/Ma1a ,12A/Ma1a ,12D/Mf1b ,12D/Mf1b ,12C/Ma2a ,12C/Ma2c ,12E/Pe1a ,12B/Ph1c ,12B/Ps1 ,12A/Ma1a ,12A/Ma1b ,12W/Sd1b ,12W/Sd1c ,,12C/Ma2d ,12C/Ma2a ,12E/Ms1 ,12E/Pe1a ,12B/Sd1c ,12B/Ps1 ,,12C/Ma2c ,12E/Pe1b ,12D/Mf1a ,12D/Mf1a ,12B/Ph1a ,12B/Ph1a ,
,AHW ,MAS ,SAA ,SAA ,LXS ,SF ,AR ,GO ,GO ,ABA ,ABA ,ED ,OO ,DD ,JAM ,LW ,GO ,SF ,EO ,EO ,,MMS ,ED ,JT ,DD ,EO ,LW ,,SF ,SAA ,SF ,SF ,JRD ,JRD ,
,206 ,024 ,040 ,040 ,315 ,308 ,301 ,038 ,038 ,039 ,039 ,306 ,037 ,034 ,032 ,001 ,038 ,308 ,LECT ,LECT ,,302 ,306 ,043 ,033 ,LECT ,001 ,,308 ,031 ,308 ,308 ,026 ,026 ,
,12A/Sd1c ,12A/Ma1a ,12E/Ph1b ,12E/Ph1b ,12D/Mf1a ,12D/Re1a ,12C/Sd1c ,12A/Sa1a ,12A/Sa1a ,12D/Re1b ,12D/Re1b ,12C/Ma2c ,12C/Te1b ,12E/Ph1a ,12B/Ps1 ,12B/Sd1a ,12A/Sa1b ,12A/Sa1b ,,,,12C/Sd1a ,12C/Sd1d ,12E/Pe1a ,12E/Ph1a ,,12B/Sd1f ,,12C/Sd1b ,12E/Ph1a ,12D/Re1a ,12D/Re1a ,12B/Ps1 ,12B/Ps1 ,
,EO ,GO ,SSS ,SSS ,SF ,TP ,EO ,AHW ,AHW ,PXM ,PXM ,OO ,PCB ,JRD ,LW ,EO ,JY ,JY ,,,,EO ,EO ,DD ,JRD ,,EO ,,EO ,JRD ,TP ,TP ,LW ,LW ,
,LECT ,038 ,023 ,023 ,308 ,201 ,LECT ,206 ,206 ,202 ,202 ,037 ,011 ,026 ,001 ,LECT ,206 ,206 ,,,,LECT ,LECT ,033 ,026 ,,LECT ,,LECT ,026 ,201 ,201 ,001 ,001 ,
,12A/Sy1 ,12A/Sa1a ,12E/Sd1b ,12E/Sd1c ,12D/Re1a ,12D/Sc1c ,12C/Te1a ,12A/Sd1b ,12A/Sd1e ,12D/Sc1b ,12D/Sc1b ,12C/Te1b ,,12E/Sd1e ,12B/Sd1b ,,12A/Sd1f ,12A/Sd1a ,,,,12C/Te1a ,12C/Te1a ,12E/Ph1b ,12E/Sd1a ,,,,12C/Te1a ,12E/Sd1d ,12D/Sc1a ,12D/Sc1a ,12B/Sd1e ,12B/Sd1d ,
,LW ,AHW ,EO ,EO ,TP ,PP ,PCB ,EO ,EO ,JRD ,JRD ,PCB ,,EO ,EO ,,EO ,EO ,,,,PCB ,PCB ,SSS ,EO ,,,,PCB ,EO ,KH ,KH ,EO ,EO ,
,001 ,206 ,LECT ,LECT ,201 ,027 ,011 ,LECT ,LECT ,026 ,026 ,011 ,,LECT ,LECT ,,LECT ,LECT ,,,,011 ,011 ,023 ,LECT ,,,,011 ,LECT ,031 ,031 ,LECT ,LECT ,
,,12A/Sd1d ,,,12D/Sc1c ,,,12A/Sy1 ,12A/Sy1 ,12D/Sd1a ,12D/Sd1b ,,,,,,12A/Sy1 ,12A/Sy1 ,,,,,,12E/Sd1f ,,,,,,,,,,,
,,EO ,,,PP ,,,LW ,LW ,EO ,EO ,,,,,,LW ,LW ,,,,,,EO ,,,,,,,,,,,
,,LECT ,,,027 ,,,001 ,001 ,LECT ,LECT ,,,,,,001 ,001 ,,,,,,LECT ,,,,,,,,,,,
,,12A/Sy1 ,,,,,,,,,,,,,,,,,,,,,,,,,,,,,,,,,
,,LW ,,,,,,,,,,,,,,,,,,,,,,,,,,,,,,,,,
,,001 ,,,,,,,,,,,,,,,,,,,,,,,,,,,,,,,,,
12c ,,,12T/St1 ,12T/St1 ,12T/St1 ,12T/St1 ,,,,12T/As1 ,12T/As1 ,12T/St1 ,12T/St1 ,,12T/Nu1 ,12T/Ca1 ,,,,,,12V/Lk1 ,12V/Lk1 ,12V/Lk1 ,12V/Lk1 ,12V/Lk1 ,12V/Lk1 ,,12T/Li1 ,12T/Su1 ,12T/As1 ,12T/As1 ,12T/Su1 ,12T/Su1 ,
,,,JW ,JW ,JW ,JW ,,,,KXM ,KXM ,JW ,JW ,,KXM ,AC ,,,,,,,,,,,,,KXM ,KXM ,KXM ,KXM ,KXM ,KXM ,
,,,013 ,013 ,013 ,013 ,,,,042 ,042 ,013 ,013 ,,042 ,LIB ,,,,,,,,,,,,,042 ,042 ,042 ,042 ,042 ,042 ,
12d ,12M4/Eg1 ,12M4/Eg1 ,12E4/Bt1 ,12E4/Bt1 ,12D4/Bt1 ,12D4/Bt1 ,12C4/It1 ,,,12E4/Bt1 ,12E4/Bt1 ,12C4/It1 ,12C4/It1 ,12E4/Bt1 ,12B4/Bt1 ,12B4/Bt1 ,,,12W4/Lk1 ,12W4/Lk1 ,12W4/Lk1 ,12B4/Bt1 ,12B4/Bt1 ,12D4/Bt1 ,12D4/Bt1 ,12C4/It1 ,12C4/It1 ,,12C4/It1 ,12E4/Bt1 ,12D4/Bt1 ,12D4/Bt1 ,12B4/Bt1 ,12B4/Bt1 ,
,LDM ,LDM ,JRS ,JRS ,AH ,AH ,SV ,,,JRS ,JRS ,SV ,SV ,JRS ,JRS ,JRS ,,,,,,JRS ,JRS ,AH ,AH ,SV ,SV ,,SV ,JRS ,AH ,AH ,JRS ,JRS ,
,101 ,101 ,035 ,035 ,034 ,034 ,121 ,,,035 ,035 ,121 ,121 ,035 ,035 ,035 ,,,,,,035 ,035 ,034 ,034 ,121 ,121 ,,121 ,035 ,034 ,034 ,035 ,035 ,
,12M4/Lk1 ,12M4/Lk1 ,12E4/Eg1a ,12E4/Eg1a ,12D4/Eg1a ,12D4/E1b ,12C4/St1b ,,,12E4/It1 ,12E4/It1 ,12C4/St1a ,12C4/St1a ,12E4/Eg1a ,12B4/Eg1b ,12B4/Eg1b ,,,,GCSE E ,GCSE E ,12B4/Eg1a ,12B4/Eg1a ,12D4/Eg1b ,12D4/Eg1b ,12C4/St1a ,12C4/St1a ,,12C4/St1a ,12E4/Eg1b ,12D4/Eg1b ,12D4/Eg1b ,12B4/Eg1a ,12B4/Eg1a ,
,,,SDG ,SDG ,SDG ,JT ,CW ,,,GS ,GS ,EB ,EB ,SDG ,WL ,WL ,,,,JSJ ,JSJ ,SDG ,SDG ,EAM ,EAM ,EB ,EB ,,EB ,EAM ,EAM ,EAM ,SDG ,SDG ,
,,,006 ,006 ,006 ,043 ,013 ,,,108 ,108 ,S103 ,S103 ,006 ,108 ,108 ,,,,212 ,212 ,006 ,006 ,010 ,010 ,013 ,013 ,,119 ,010 ,010 ,010 ,006 ,006 ,
,,,12E4/It1 ,12E4/It1 ,12D4/It1 ,12D4/Eg1a ,,,,12E4/St1a ,12E4/St1a ,12C4/Tt1 ,12C4/Tt1 ,12E4/It1 ,GCSE E ,12B4/Tt1 ,,,,,GCSE Maths ,,12B4/Tt1 ,12D4/It1 ,12D4/It1 ,12C4/Tt1 ,12C4/Tt1 ,,,12E4/It1 ,12D4/It1 ,12D4/It1 ,12B4/Tt1 ,12B4/Tt1 ,
,,,GS ,GS ,JLS ,SDG ,,,,CW ,CW ,FON ,FON ,GS ,CE ,PRH ,,,,,MBM ,,PRH ,JLS ,JLS ,FON ,FON ,,,GS ,JLS ,JLS ,PRH ,PRH ,
,,,108 ,108 ,110 ,006 ,,,,013 ,013 ,311 ,311 ,108 ,204 ,311 ,,,,,304 ,,313 ,110 ,110 ,311 ,311 ,,,108 ,110 ,110 ,311 ,311 ,
,,,12E4/St1a ,12E4/St1a ,12D4/St1 ,12D4/It1 ,,,,,,GCSE Maths ,,12E4/St1b ,,,,,,,,,,12D4/St1 ,12D4/St1 ,,,,,12E4/St1a ,12D4/St1 ,12D4/St1 ,GCSE E ,,
,,,CW ,CW ,NM ,JLS ,,,,,,MBM ,,EB ,,,,,,,,,,NM ,NM ,,,,,CW ,NM ,NM ,CE ,,
,,,110 ,110 ,S103 ,110 ,,,,,,304 ,,S103 ,,,,,,,,,,S103 ,S103 ,,,,,013 ,S103 ,S103 ,204 ,,
,,,,,,12D4/St1 ,,,,,,,,,,,,,,,,,,,GCSE E ,,,,,,,,,,
,,,,,,NM ,,,,,,,,,,,,,,,,,,,CJW ,,,,,,,,,,
,,,,,,S103 ,,,,,,,,,,,,,,,,,,,211 ,,,,,,,,,,
122 ,12D2/Lk1 ,12D2/Un1 ,12C2/E1 ,12C2/Eg1a ,12B2/Fi1 ,12B2/Fi1 ,12A2/Fi1 ,12D2/Un1 ,12D2/Un1 ,12A2/E1 ,12A2/Fi1 ,12B2/Fi1 ,12B2/Fi1 ,12A2/Fi1 ,12C2/Eg1b ,12C2/Eg1b ,12D2/Un1 ,12D2/Un1 ,,,,12F2/Lk1 ,12F2/Lk1 ,12F2/Lk1 ,12F2/Lk1 ,12F2/Lk1 ,12F2/Lk1 ,,12A2/Fi1 ,12A2/Fi1 ,12B2/Fi1 ,12B2/Ca1 ,12C2/Eg1a ,12C2/Eg1a ,
,,NYM ,ALS ,LDM ,AMS ,AMS ,AMS ,NYM ,NYM ,ALS ,AMS ,AMS ,AMS ,AMS ,BC ,BC ,NYM ,NYM ,,,,,,,,,,,AMS ,AMS ,AMS ,AC ,LDM ,LDM ,
,,116 ,217 ,101 ,106 ,106 ,106 ,116 ,116 ,214 ,013 ,106 ,106 ,106 ,009 ,009 ,116 ,116 ,,,,,,,,,,,013 ,013 ,106 ,119 ,101 ,101 ,
,12D2/Un1 ,,12C2/Eg1a ,,,,,,,12A2/Fi1 ,,,,,12C2/Lk1 ,,,,,,,,,,,,,,,GCSE Maths ,12B2/Lk1 ,12B2/Fi1 ,,,
,NYM ,,LDM ,,,,,,,AMS ,,,,,,,,,,,,,,,,,,,,MBM ,,AMS ,,,
,116 ,,101 ,,,,,,,013 ,,,,,,,,,,,,,,,,,,,,304 ,,106 ,,,
,,,,,,,,,,12A2/Lk1 ,,,,,,,,,,,,,,,,,,,,,,,,,
,,,,,,,,,,,,,,,,,,,,,,,,,,,,,,,,,,,
,,,,,,,,,,,,,,,,,,,,,,,,,,,,,,,,,,,
123 ,12D3/Lk1 ,12D3/Lk1 ,12A3/It1 ,12A3/It1 ,12B3/Rt1a ,12B3/Rt1a ,12C3/Sb1c ,,12D3/Lk1 ,12C3/Sb1a ,12A3/It1 ,12B3/Rt1b ,12B3/Rt1b ,,12C3/Sb1b ,12C3/Sb1b ,12E3/Ca1 ,,,,,12F3/Lk1 ,12F3/Lk1 ,12F3/Lk1 ,12F3/Lk1 ,12F3/Lk1 ,12F3/Lk1 ,,12B3/Lk1 ,12B3/Rt1b ,12C3/Lk1 ,12C3/Sb1a ,12A3/It1 ,12A3/It1 ,
,,,HES ,HES ,MJH ,MJH ,SNS ,,,JAB ,HES ,AH ,AH ,,SNS ,SNS ,AC ,,,,,,,,,,,,,AH ,,JAB ,HES ,HES ,
,,,117 ,117 ,311 ,311 ,024 ,,,030 ,117 ,034 ,034 ,,024 ,024 ,LIB ,,,,,,,,,,,,,034 ,,030 ,117 ,117 ,
,GCSE E ,GCSE E ,,,,,,,GCSE maths ,,,,,,,,,,,,,,,,,,,,12B3/Rt1a ,,12C3/Sb1a ,,12A3/Lk1 ,,
,HL ,HL ,,,,,,,AN ,,,,,,,,,,,,,,,,,,,,MJH ,,JAB ,,,,
,211 ,211 ,,,,,,,307 ,,,,,,,,,,,,,,,,,,,,116 ,,030 ,,,,
13a ,13A/Ca1 ,13A/Ch1 ,13B/Ad1b ,13B/Ad1b ,13E/Bi1a ,13E/Bi1a ,13C/Bi1a ,13A/Ch1 ,13A/Ch1 ,13E/Bi1b ,13E/Bi1b ,13D/Ch1a ,13D/Ch1a ,13C/Bi1a ,13C/Bi1a ,13C/Bi1a ,13A/Ch1 ,13A/Ch1 ,13W/Cp1 ,13W/Cp1 ,13W/E1 ,13B/Ma1a ,13B/Ad1b ,13E/Bi1a ,13E/Bi1a ,13D/Ca1 ,13D/Ch1b ,,13D/Ch1a ,13D/Ad1 ,13B/Ad1a ,13B/Ad1a ,13C/Bi1b ,13C/Bi1b ,
,AC ,SLS ,EG ,EG ,KH ,KH ,SLS ,SLS ,SLS ,SLS ,SLS ,SLS ,SLS ,SLS ,SLS ,SLS ,SLS ,SLS ,CI ,CI ,ALS ,SF ,EG ,KH ,KH ,AC ,SYS ,,SLS ,SH ,SH ,SH ,RCS ,RCS ,
,117 ,022 ,020 ,020 ,031 ,031 ,022 ,022 ,022 ,022 ,022 ,022 ,022 ,022 ,022 ,022 ,022 ,022 ,119 ,119 ,217 ,308 ,020 ,031 ,031 ,LIB ,028 ,,022 ,021 ,021 ,021 ,033 ,033 ,
,13A/Ch1 ,13A/Fr1 ,13B/Ca1 ,13B/Ma1a ,13E/Cp1b ,13E/Cp1b ,13C/E1b ,13A/Fr1 ,13A/Fr1 ,13E/Ca1 ,13E/Cp1a ,13D/Gg1a ,13D/Gg1a ,13C/E1a ,13C/E1a ,13C/E1a ,13A/Fr1 ,13A/Fr1 ,13W/Ep1 ,13W/Lk1 ,13W/Lk1 ,13B/Pe1a ,13B/Ma1a ,13E/Ph1a ,13E/Ph1b ,13D/Ch1b ,13D/Gg1b ,,13D/Gg1b ,13D/Ch1b ,13B/Pe1b ,13B/Ma1b ,13C/Ca1 ,13C/Ec1 ,
,SLS ,CP ,AC ,SF ,SV ,SV ,ALS ,CP ,CP ,AC ,CI ,MJH ,MJH ,TK ,TK ,TK ,CP ,CP ,TK ,,,DD ,SF ,JRD ,SSS ,SYS ,NYM ,,NYM ,SYS ,SAA ,ABA ,AC ,MBK ,
,022 ,210 ,116 ,308 ,121 ,121 ,217 ,210 ,210 ,117 ,119 ,116 ,116 ,202 ,208 ,208 ,210 ,210 ,106 ,,,014 ,308 ,026 ,023 ,028 ,116 ,,307 ,028 ,028 ,039 ,121 ,036 ,
,13A/Fr1 ,13A/Hi1a ,13B/Ma1a ,13B/Pe1a ,13E/Ma1 ,13E/Ph1a ,13C/Ec1 ,13A/Hi1b ,13A/Hi1b ,13E/Cp1a ,13E/Ph1b ,13D/Gp1a ,13D/Gp1b ,13C/Ec1 ,13C/Ec1 ,13C/Ec1 ,13A/Hi1a ,13A/Hi1a ,13W/Lk1 ,13W/Ma1 ,,13B/Ph1a ,13B/Pe1b ,13E/Re1a ,13E/Re1a ,13D/Gg1b ,13D/Gp1b ,,13D/Gp1a ,13D/Gg1a ,13B/Ph1b ,13B/Ma2 ,13C/E1b ,13C/Ma1b ,
,CP ,SW ,SF ,DD ,MMS ,JRD ,MBK ,MAS ,MAS ,CI ,SSS ,MAS ,SW ,MBK ,MBK ,MBK ,SW ,SW ,,SF ,,JRD ,SAA ,TP ,TP ,NYM ,SW ,,MAS ,MJH ,SSS ,MMS ,ALS ,SF ,
,210 ,314 ,308 ,014 ,302 ,026 ,036 ,034 ,034 ,119 ,023 ,312 ,314 ,036 ,036 ,036 ,302 ,302 ,,308 ,,026 ,042 ,201 ,201 ,116 ,314 ,,312 ,116 ,023 ,302 ,217 ,308 ,
,13A/Hi1b ,13A/Ma1a ,13B/Pe1a ,13B/Ph1a ,13E/Ph1a ,13E/Re1b ,,13A/Ma1a ,13A/Ma1a ,13E/Ph1b ,13E/Re1a ,13D/Mf1a ,13D/Mf1a ,13C/Ma1a ,13C/Ma1a ,13C/Ma1a ,13A/Ma1a ,13A/Ma1b ,,13W/Ms1 ,,13B/Ps1 ,13B/Ph1b ,13E/Sy1 ,13E/Sy1 ,13D/Gp1b ,13D/Mf1b ,,13D/Mf1b ,13D/Gp1a ,13B/Ps1 ,13B/Pe1b ,13C/Ec1 ,13C/Te1a ,
,MAS ,SF ,DD ,JRD ,JRD ,PXM ,,SF ,SF ,SSS ,TP ,SF ,SF ,ABA ,ABA ,ABA ,SF ,MMS ,,JT ,,LW ,SSS ,LW ,LW ,SW ,ABA ,,ABA ,MAS ,LW ,SAA ,MBK ,PCB ,
,024 ,308 ,014 ,026 ,026 ,202 ,,308 ,308 ,023 ,201 ,308 ,308 ,039 ,039 ,039 ,308 ,301 ,,043 ,,001 ,023 ,001 ,001 ,314 ,039 ,,039 ,312 ,001 ,028 ,036 ,011 ,
,13A/Ma1a ,13A/Ms1 ,13B/Ph1a ,13B/Ps1 ,13E/Re1b ,13E/Sy1 ,,,13A/Ms1 ,13E/Re1a ,13E/Sy1 ,13D/Sc1b ,13D/Sc1b ,,13C/Te1b ,13C/Te1b ,13A/Ms1 ,13A/Ms1 ,,,,,13B/Ps1 ,,,13D/Mf1b ,13D/Sc1a ,,13D/Sc1c ,13D/Mf1a ,,13B/Ph1b ,13C/Ma1a ,,
,SF ,JT ,JRD ,LW ,PXM ,LW ,,,JT ,TP ,LW ,JRD ,JRD ,,PCB ,PCB ,JT ,JT ,,,,,LW ,,,ABA ,SLS ,,SSS ,SF ,,SSS ,ABA ,,
,308 ,043 ,026 ,001 ,202 ,001 ,,,043 ,201 ,001 ,026 ,026 ,,011 ,011 ,043 ,043 ,,,,,001 ,,,039 ,022 ,,023 ,308 ,,023 ,039 ,,
,13A/Ms1 ,,13B/Ps1 ,,13E/Sy1 ,13E/Te1b ,,,,13E/Sy1 ,13E/Te1a ,,,,,,,,,,,,,,,13D/Sc1a ,,,,13D/Sc1c ,,13B/Ps1 ,13C/Te1a ,,
,JT ,,LW ,,LW ,PCB ,,,,LW ,HHD ,,,,,,,,,,,,,,,SLS ,,,,SSS ,,LW ,PCB ,,
,043 ,,001 ,,001 ,011 ,,,,001 ,011 ,,,,,,,,,,,,,,,022 ,,,,023 ,,001 ,011 ,,
,,,,,13E/Te1b ,,,,,13E/Te1a ,,,,,,,,,,,,,,,,,,,,,,,,,
,,,,,PCB ,,,,,HHD ,,,,,,,,,,,,,,,,,,,,,,,,,
,,,,,011 ,,,,,011 ,,,,,,,,,,,,,,,,,,,,,,,,,
13b ,,,13D2/Bt1 ,13D2/Bt1 ,13B2/Bt1 ,13B2/Bt1 ,13A2/Lk1 ,,,13D2/Bt1 ,13D2/Bt1 ,13E2/Bt1a ,13E2/Bt1b ,13C2/Lk1 ,13D2/Bt1 ,13D2/Bt1 ,13A2/Eg1 ,13C2/Eg1 ,13W2/Lk1 ,,,13C2/E1 ,13C2/It1 ,13B2/Bt1 ,13B2/Bt1 ,13E2/Bt1b ,13E2/Bt1b ,,13E2/Bt1a ,13E2/Bt1a ,13B2/Bt1 ,13B2/Bt1 ,13C2/It1 ,13C2/It1 ,
,,,AH ,AH ,JRS ,JRS ,,,,AH ,AH ,MBK ,JRS ,,AH ,AH ,SDG ,SDG ,,,,JSJ ,CI ,JRS ,JRS ,JRS ,JRS ,,MBK ,MBK ,JRS ,JRS ,CI ,CI ,
,,,034 ,034 ,035 ,035 ,,,,034 ,034 ,036 ,035 ,,034 ,034 ,006 ,006 ,,,,212 ,119 ,035 ,035 ,035 ,035 ,,036 ,036 ,035 ,035 ,119 ,119 ,
,,,13D2/It1 ,13D2/It1 ,13B2/Eg1b ,13B2/Eg1b ,13A2/Ma1 ,,,13D2/Eg1a ,13D2/E2 ,13E2/Eg1a ,13E2/Eg1a ,13C2/Tt1 ,13D2/Eg1b ,13D2/E1 ,13A2/It1 ,13C2/It1 ,GCSE Maths ,,,13C2/It1 ,13C2/Lk1 ,13B2/E1 ,13B2/Eg1a ,13E2/E1 ,13E2/Eg1b ,,13E2/Eg1a ,13E2/Eg1a ,13B2/Eg1a ,13B2/Eg1a ,13C2/Lk1 ,13C2/Lk1 ,
,,,SV ,SV ,WL ,WL ,MBM ,,,SDG ,AO ,SDG ,SDG ,LXS ,LDM ,CJW ,CI ,CI ,MBM ,,,CI ,,AO ,SDG ,ALS ,SDG ,,SDG ,SDG ,SDG ,SDG ,,,
,,,121 ,121 ,108 ,108 ,304 ,,,006 ,041 ,006 ,006 ,315 ,101 ,211 ,119 ,119 ,304 ,,,119 ,,041 ,006 ,217 ,006 ,,006 ,006 ,006 ,006 ,,,
,,,13D2/St1 ,13D2/St1 ,13B2/Tt1 ,13B2/Tt1 ,13A2/St1 ,,,13D2/It1 ,13D2/Eg1a ,13E2/It1 ,13E2/It1 ,,13D2/It1 ,13D2/Eg1b ,13A2/Lk1 ,13C2/Lk1 ,,,,13C2/Lk1 ,13C2/St1 ,13B2/Eg1a ,13B2/St1 ,13E2/Eg1b ,13E2/It1 ,,13E2/It1 ,13E2/It1 ,13B2/Tt1 ,13B2/Tt1 ,13C2/St1 ,13C2/St1 ,
,,,DS ,DS ,PRH ,PRH ,AJT ,,,SV ,SDG ,JLS ,JLS ,,SV ,LDM ,,,,,,,EB ,SDG ,EB ,SDG ,JLS ,,JLS ,JLS ,PRH ,PRH ,EB ,EB ,
,,,S103 ,S103 ,313 ,313 ,S103 ,,,121 ,006 ,110 ,110 ,,121 ,101 ,,,,,,,S103 ,013 ,013 ,006 ,110 ,,110 ,110 ,311 ,311 ,S103 ,S103 ,
,,,,,,,,,,13D2/St1 ,13D2/It1 ,13E2/St1 ,13E2/St1 ,,13D2/St1 ,13D2/It1 ,,13C2/St1 ,,,,13C2/St1 ,,,,13E2/It1 ,13E2/St1 ,,13E2/St1 ,13E2/St1 ,,,13C2/Tt1 ,13C2/Tt1 ,
,,,,,,,,,,DS ,SV ,AJT ,AJT ,,DS ,SV ,,EB ,,,,EB ,,,,JLS ,AJT ,,AJT ,AJT ,,,LXS ,LXS ,
,,,,,,,,,,S103 ,121 ,119 ,119 ,,S103 ,121 ,,013 ,,,,S103 ,,,,110 ,S103 ,,S103 ,S103 ,,,315 ,315 ,
,,,,,,,,,,,13D2/St1 ,,13E2/Tt1 ,,,13D2/St1 ,,,,,,,,,,,,,,,,,GCSE Maths ,,
,,,,,,,,,,,DS ,,LXS ,,,DS ,,,,,,,,,,,,,,,,,YC ,,
,,,,,,,,,,,S103 ,,315 ,,,S103 ,,,,,,,,,,,,,,,,,037 ,,
